user_id,heart_rate,spo2,steps,sleep_hours,activity_level,stress_level
3594.0,109.69365944641312,99.16097200288227,1700.9817342532283,7.529728060290006,Highly Active,8.0
2502.0,52.27194196539598,99.4460346683894,7817.0807854053855,3.7204802971180944,Sedentary,4.0
2287.0,82.64173451116051,94.8059031908751,3262.3594441057908,4.877511408814475,Active,8.0
3043.0,78.11498355468588,95.22947959504658,1109.9059686470123,5.92732638961781,Highly Active,3.0
4629.0,200.0,100.0,5614.112857415206,6.304731924019175,Active,2.0
